employee_id,bonus
1692406,23508.9
1527750,23508.9
1527991,23508.9
,23508.9
,23508.9
1516717,9250.61
1517551,13152.79
1517574,15936.82
1517646,25704.27
1517655,8191.86
1517906,22552.95
1536953,23508.9
1565348,25704.27
1583237,23508.9
1584185,5911.05
1588886,13711.27
1599291,0.0
1600466,23508.9
1604720,8191.86
1619396,16406.38
1625141,21565.61
1632422,10589.27
1635503,22552.95
1637146,23508.9
1637465,45611.28
1637846,21473.78
1640241,23508.9
1644493,25704.27
1667902,19172.32
1667903,23508.9
1683536,17961.04
1692997,23508.9
424213,22660.19
470523,23508.9
1527682-2,23508.9
1527861-2,8191.86
1527893,23508.9
1527948,8191.86
1528301-2,15286.25
1528343,16765.9
1535641,0.0
1536428-2,23508.9
1554829,47151.23
1566150-3,23508.9
1613442,0.0
1620499-3,22429.35
1620660,23508.9
1620671-2,4065.93
1628780,23508.9
1632826,23508.9
1633027,22429.35
1635729,23508.9
1638824,0.0
1643793,26263.47
1645482-2,20572.0
1646970,22552.95
1661349-2,7052.65
1661388-2,7579.6
1670729,21793.73
1674315,23508.9
1675850,23508.9
1675970,23508.9
1676064,46246.9
1676589,23508.9
1677590,18714.65
1685658,23508.9
1686838,23508.9
1687602,23508.9
1689789,0.0
1690894,19172.32
1690896,21473.78
1693573,22403.72
1694173,16016.24
1696150,22429.35
1696235,0.0
1696306,19172.32
1527765,17597.85
1527790,13657.15
1527899,16406.38
1585574,22429.35
1650763,0.0
1671701,14251.78
1696141,0.0
1527755-2,15936.82
1622280,21565.61
1675342,8191.86
1527743,23508.9
1527818,23508.9
1527846,23508.9
1527902,57025.71
1527933,21473.78
1527974-3,8152.24
1528008-2,23508.9
1528128,23508.9
1528169,22429.35
1528253,10614.48
1528288,23508.9
1528356,26899.09
1528406,23508.9
1528423,5421.24
1533924,23508.9
1538388-2,15126.82
1538482-2,22429.35
1551583,0.0
1551878-2,16406.38
1555389,21793.73
1568627,0.0
1579481,23508.9
1589932,17042.0
1596348-2,23508.9
1603122,15681.62
1608455,23508.9
1610443,1587.21
1610698,23508.9
1618783,16406.38
1620675-2,22429.35
1624675-2,16406.38
1632221,16406.38
1639126,21565.61
1641456,3938.25
1641670,11407.92
1645236,0.0
1646717-2,21473.78
1648160-2,23508.9
1648167-2,23508.9
1648457,16406.38
1649003-4,0.0
1661627,13695.76
1667419,8039.33
1668366,23508.9
1670314,1805.5
1670315-2,9716.45
1670342,23508.9
1670956,9527.93
1671325,22153.25
1673360,22429.35
1674659,23508.9
1675135,23508.9
1675136-2,32968.64
1675211,17679.03
1675213,18658.19
1675280,0.0
1675282,22648.44
1675772,23508.9
1676014,19172.32
1676063,23508.9
1676193,0.0
1677094,22429.35
1677178,23508.9
1677497,15947.58
1677711,0.0
1679230,2706.68
1682071,9876.2
1683756,21473.78
1684558,19172.32
1685255,16406.38
1686958,23508.9
1687034,23508.9
1687252,0.0
1687684,21793.73
1687968,16406.38
1689202,23508.9
1689330,20845.1
1689715,57025.71
1692849,21793.73
1692998,23508.9
1693027,15936.82
1693294,23508.9
1694656,17679.03
1694906,16057.28
1695072,57025.71
1695207,23508.9
1695839,0.0
1696303,23508.9
1696304,23508.9
1696422,22429.35
1696490,16406.38
1696522,8191.86
1696593,23508.9
1696594,23508.9
1695759,0.0
1695782,17679.03
1696353,23508.9
1527733,21538.55
1552735,23508.9
1552765,22429.35
1558939,0.0
1559920,22552.95
1560180,23508.9
1589868,23508.9
1594577,23508.9
1600543,23508.9
1608439,16772.61
1624387,16139.66
1629123-2,29506.07
1643798,23508.9
1646212,22552.95
1683035,0.0
1688950,23508.9
1694447,21793.73
1694673,25704.27
1695734,22429.35
1528079,22429.35
1528235,23508.9
1548998,23508.9
1555060,18716.27
1556879,11637.49
1587585,23508.9
1606287,5266.78
1636941,0.0
1648176,6838.52
1678618,25704.27
1683888,6052.79
1686298,23508.9
1693753,9743.51
1695338,23508.9
1695411,17042.0
1527987,18170.32
1611606,17042.0
1617085,21473.78
1649548,23508.9
1650339,23508.9
1696711,24347.25
1527694,13792.45
1527710,5829.87
1527716-2,23508.9
1527750,23508.9
1527779,37750.8
1527813-4,21473.78
1527827,8191.86
1527935,23335.77
1528042-2,8191.86
1528044-2,14187.9
1528088,23081.1
1528114,0.0
1528190-2,15936.82
1528243,10985.14
1528276,23508.9
1528308,0.0
1528317,21473.78
1528370-2,23508.9
1528389-2,8191.86
1534662,23508.9
1537134,23508.9
1543059,22552.95
1550322,46246.9
1551239-2,10691.32
1555921,22153.25
1560843,22552.95
1561173,17042.0
1568696,57025.71
1571693,23508.9
1585348,23508.9
1587581,7542.32
1608656-2,23508.9
1615887-2,23508.9
1620677,0.0
1620882,23508.9
1621642-2,13178.03
1623231,23508.9
1623814,57025.71
1625426,23508.9
1636312,0.0
1639600,23508.9
1642576,22552.95
1642578,21473.78
1647342-4,23508.9
1647525-2,16868.25
1648180,17042.0
1651622,0.0
1653881,23508.9
1655952,0.0
1657603,5356.04
1657866,0.0
1661312-3,21793.73
1667375,14503.63
1667894,22552.95
1669616,14999.95
1671059,8191.86
1671630,14524.96
1675036,21793.73
1675118,2710.62
1675214,21473.78
1675239,23508.9
1675281,23508.9
1675440,46246.9
1675713,19622.32
1675851,23508.9
1676062-2,23508.9
1676347,22552.95
1676591,9250.61
1677675,23508.9
1678617,23508.9
1682280,23508.9
1682566,19172.32
1682816,18113.57
1683790,23508.9
1686902,16593.18
1687179,9399.67
1687357,21473.78
1687807,23508.9
1688352,23508.9
1688425,21130.26
1688736,16406.38
1688866,0.0
1690123,23081.1
1692996,16425.72
1694252,11057.7
1694655,23508.9
1694799,22429.35
1695004,46246.9
1696144,0.0
1527707-2,18763.15
1682866,22429.35
1527731,23508.9
1527745,23508.9
1527792-2,0.0
1527802,22552.95
1527847,23508.9
1528133,23508.9
1528407,46246.9
1534333,0.0
1544336,23508.9
1559434,23508.9
1587666,21793.73
1607055,13480.51
1622714,23508.9
1681896,19172.32
1683336,16406.38
1685547,23508.9
1686323,0.0
1527796,23508.9
1528134,0.0
1539800-2,0.0
1652770,24748.32
1687750,23508.9
1527706,22429.35
1528354,17042.0
1666749,19619.84
1521785,0.0
1527684,8191.86
1527721-2,3886.58
1527757,5610.36
1527786,23508.9
1527788,21692.38
1527812,22429.35
1527856,21793.73
1527867,1970.35
1527872,22552.95
1527878,22429.35
1527900,20415.03
1527904,23508.9
1527968,23508.9
1527975-2,23508.9
1527991-2,0.0
1528000,21013.88
1528005,0.0
1528058,19431.95
1528073,0.0
1528179,19172.32
1528212,23508.9
1528283,15735.74
1528297,23508.9
1528305,1612.37
1528311,8191.86
1528314,23508.9
1528324,8039.33
1528334,16857.3
1528353,23508.9
1528367,0.0
1528373,23508.9
1528413,15936.82
1528422,15936.82
1528436,0.0
1528890,23508.9
1533949-2,7658.02
1534119,23508.9
1535152,23508.9
1554824,23508.9
1560599-2,19172.32
1561004-2,0.0
1572945,23508.9
1574053,23508.9
1575610,4661.88
1577751,25704.27
1585804,16765.9
1591338,0.0
1592154-3,4728.43
1602863,20295.9
1604795,23508.9
1606442,23508.9
1608437,19172.32
1611286,21793.73
1619843-2,15936.82
1633728,10156.94
1634412,23508.9
1635844,9250.61
1641449,19172.32
1641679,23508.9
1643800,21130.26
1645015-2,8039.33
1645233,23508.9
1646442,0.0
1646720,23508.9
1646884,25704.27
1647530-2,9186.15
1647540-2,18712.42
1647701,23508.9
1649561,9250.61
1650354,21793.73
1650531,19376.93
1650758-3,23508.9
1651629-3,19695.74
1655185,26263.47
1661272-2,23508.9
1661283-2,19417.25
1666581,23508.9
1667951,23508.9
1667966,7658.02
1668092,17431.48
1668451,16406.38
1668711,1943.29
1669690,16406.38
1670884,23508.9
1670957,23508.9
1671167,19172.32
1671447,23508.9
1672609,23508.9
1672610,0.0
1672886,23508.9
1673374,23508.9
1673552,23508.9
1673627,23508.9
1674025,21110.75
1674278,19172.32
1675224,23508.9
1675225,23508.9
1675238,0.0
1675275,8039.33
1675276,57025.71
1675277,23508.9
1675554,3174.42
1675555-2,16406.38
1675556-2,57025.71
1675710,46246.9
1675711,21473.78
1675712-2,14335.21
1675771-2,22429.35
1675827-2,11822.1
1675828,23508.9
1675829,17585.11
1676061,19172.32
1676065,23508.9
1676119,23508.9
1676346,16772.61
1676488,23508.9
1676590-2,36222.89
1677096,11822.1
1677097,23508.9
1679760,21565.61
1680047,0.0
1680763,22429.35
1681028,23508.9
1682627,23508.9
1682628,0.0
1682629,16057.28
1683442,19622.32
1684757,23508.9
1685787,15410.59
1685827,23508.9
1685828,19568.2
1686269,0.0
1686957,23508.9
1687195,19172.32
1689050,8039.33
1689412,21473.78
1690157,20415.03
1690188,22025.48
1691042,16372.73
1692101,1692.49
1692390,23508.9
1693033,9250.61
1693964,23508.9
1694497,7827.28
1696142,8616.76
1696143,23508.9
1696145,23508.9
1696146,23508.9
1696147,23508.9
1696148,0.0
1696149,23508.9
1696186,23508.9
1696220,48055.56
1696221,15735.74
1696222,21793.73
1696236,23508.9
1696237,22429.35
1696262,23508.9
1696305,22862.61
1696307,23508.9
1696331,22552.95
1696411,11236.27
1696521,0.0
1696802,27372.66
1696803,8039.33
1696822,9250.61
1696823,0.0
1696850,57025.71
1696851,0.0
1696905,10028.73
1696906,25704.27
1696916,23508.9
1528174,21473.78
1686509,5502.76
1527726,23508.9
1527886,0.0
1528365-3,0.0
1590304,23056.9
1606350,23508.9
1606819,0.0
1612068,23508.9
1614363-2,23508.9
1620452-3,10972.89
1630820,22943.9
1639592-2,23508.9
1641425,22873.28
1642579,15058.61
1645242,17961.04
1650351-3,18113.57
1659949,23508.9
1661154,23508.9
1661346,23508.9
1667062,18888.85
1668326-2,5572.05
1671751,9250.61
1672524,0.0
1673677,17042.0
1675278,5718.77
1675286,18536.7
1676015,20415.03
1527785,22120.13
1527910,16406.38
1528141,23508.9
1528197-2,0.0
1528328,21473.78
1592152,0.0
1645232-2,16057.28
1665594,23508.9
1690197,0.0
1527917,23508.9
1527958-2,5628.51
1528409,22429.35
1565042-2,23508.9
1617941,15627.5
1620667,23508.9
1622246-4,16406.38
1622254-3,12774.53
1641675,23508.9
1642572,23508.9
1649021-4,22552.95
1649568-3,27372.66
1650961-2,0.0
1654831,5440.92
1660773,0.0
1666750,0.0
1670945,21473.78
1671379-2,9250.61
1671441,0.0
1671526,23508.9
1675119-2,8191.86
1675212-2,23508.9
1675741-2,9250.61
1675830,21793.73
1677002,0.0
1677095,23508.9
1677317,23508.9
1678224,15627.5
1678390-2,0.0
1681801,20572.0
1682585,16406.38
1682962,7773.16
1686173,13366.51
1686270,18714.65
1686556,8191.86
1687121,21793.73
1687370,22025.48
1687594,0.0
1689886,6161.85
1690340,8119.41
1690895,22552.95
1691192,23508.9
1692878,4928.31
1694174,22552.95
1696489,0.0
1696520,18113.57
1696595,1587.21
1696713,3886.58
1528065,17042.0
1527799,4777.73
1528418,10668.24
1604670,23508.9
1619837,28097.07
1685032,20065.75
1528175-2,17624.91
1527752,23508.9
1527890,22429.35
1528299,23508.9
1528395,5416.5
1560877-3,0.0
1577757-2,23508.9
1589933-2,19622.32
1614361,0.0
1617197-2,23508.9
1620658-2,17559.95
1622289,21793.73
1632829,16406.38
1633264-3,22319.58
1634778,21879.0
1641459,25704.27
1645000,16406.38
1645027,20620.25
1645601,1587.21
1646608,38009.22
1646966,23508.9
1647536-2,23508.9
1648454-2,12715.04
1649572,23508.9
1661037,23508.9
1661427,0.0
1667488,11236.27
1667557,9250.61
1668235-2,13711.27
1670904,11686.8
1675739-2,23508.9
1675740,25704.27
1675971,23508.9
1676060-2,23508.9
1676194,19987.74
1676694,16611.91
1677589,26263.47
1679241,1427.06
1684941,4080.54
1687122,23508.9
1687562,15627.5
1688172,22429.35
1688612,23508.9
1690510,21473.78
1695953,16406.38
1696488,0.0
1696804,1276.79
1517972,46246.9
1527734,8191.86
1527769,23508.9
1528154,23508.9
1528445,21565.61
1574861,19172.32
1641548,0.0
1651208,23508.9
1527739,19622.32
1527869,21473.78
1527876,23508.9
1528031,57025.71
1528100,23508.9
1528149,0.0
1528200,12722.84
1528404,16057.28
1528408,16979.76
1536920,4767.47
1567035,23508.9
1590732,22429.35
1594951,22429.35
1602746,3940.7
1623234,1713.52
1625278,8191.86
1640011,7773.16
1649563,8191.86
1655125,23508.9
1661186,822.76
1661271-2,19172.32
1661313,8191.86
1665497,19172.32
1666695,0.0
1667207,16406.38
1670944,22429.35
1671440,0.0
1671442,16406.38
1675226-2,9834.35
1675279,22429.35
1675624,23508.9
1676195,23508.9
1676345,22429.35
1677116,23508.9
1678034,23508.9
1678762,8191.86
1682961,23508.9
1683791,0.0
1683974,0.0
1686555,19172.32
1686903,23508.9
1687909,17651.97
1688555,23508.9
1688844-2,15034.1
1689176,8191.86
1689568,12823.48
1692046,13469.21
1692296,23508.9
1692999,44223.31
1693893,22552.95
1693965,8191.86
1694322,23508.9
1527940-2,0.0
1666483-2,23508.9
1696714,23508.9
1696992,25704.27
1643708,0.0
1678400,23508.9
1693493,15348.73
1570734,23508.9
1642457,16406.38
1571065,16994.36
1579239,21335.7
1591514,23508.9
1634542,23508.9
1635294,23508.9
1642448,8039.33
1647552,21848.95
1675076,23508.9
1675852-2,22960.49
1676491,7881.4
1682571,23508.9
1687495,8191.86
1691208,23508.9
1526548,23508.9
1591622,23508.9
1625340,23508.9
1661689-2,19622.32
1662555,20415.03
1680770,22429.35
1682737,16406.38
1684451,22552.95
1684452,22552.95
1516158,23508.9
1516159,8191.86
1516161,23508.9
1516163,8191.86
1516166,9250.61
1516167-2,7363.84
1516168,21473.78
1516170,25704.27
1516173,22429.35
1530444,8039.33
1573426,23508.9
1578589,0.0
1580733,22552.95
1580852,8191.86
1582234,17961.04
1591222,25704.27
1611822,25704.27
1614353,0.0
1622920,17425.97
1626551,3940.7
1629128,6818.0
1646771,23220.35
1690841,9250.61
1061607,14343.68
1078402,16935.3
1078403,22552.95
1564168,23508.9
1627287,23056.9
1635353,21473.78
1664483,22429.35
1672488,23508.9
1062735-2,24748.32
1062940,4504.98
1062998,15627.5
1532283-2,23508.9
1573164,17042.0
1636433-3,0.0
1681385,23508.9
1681517,6776.55
1690626,0.0
1596667,25704.27
1675110,8191.86
1681289,10886.86
1681438-2,23508.9
1062713,16375.76
1651743-2,21538.55
1674484,16406.38
1062618-2,19568.2
1639374,23508.9
1659377,22429.35
1659495,12967.15
1676588,15936.82
1681414,16406.38
1107466,9250.61
1625656,23508.9
1628530,0.0
1634355,19172.32
1652623-2,23508.9
1683224,17042.0
1692378,11795.04
1062675,23508.9
1565009-2,17042.0
1639378,23508.9
1681336,23508.9
1681460,19172.32
1694706,0.0
1062670,23508.9
1561261-2,0.0
1589636,46246.9
1681501,19172.32
1689672,23508.9
1096700,23508.9
1606997,9250.61
1621869,22429.35
1626575,23508.9
1577886,23508.9
1672111,23508.9
1621414,19172.32
1684337,21473.78
1580178,7713.31
1602231,22960.49
1689673,23508.9
1063024,0.0
1063026,14999.95
1063031,0.0
1614550,23508.9
1616170,23180.18
1616189,23508.9
1616190,23508.9
1616191,23508.9
1616199,23508.9
1617301,22429.35
1617638,23508.9
1619482,23508.9
1062743-2,0.0
1631638,21473.78
1681444,0.0
1639295,8191.86
1062651,0.0
1062724,8039.33
1077897-5,23508.9
1630131,23508.9
1650181,23015.82
1686055,0.0
1692375,57025.71
1568375-2,8191.86
1673896,19568.2
1674067,0.0
1062922,23508.9
1560968,23508.9
1617428,17917.7
1644786,23508.9
1671744,7572.95
1678174,2710.62
1062730,16406.38
1062853,23508.9
1093337,23508.9
1095488,19172.32
1695203,0.0
1062915,23508.9
1085974,8191.86
1090803,21793.73
1093456,0.0
1545520,1537.3
1585531,23508.9
1608201-2,15654.56
1650296,21473.78
1653660,25704.27
1694086,23508.9
1062744-2,9629.83
1528574,22960.49
1543855,23508.9
1645455,23508.9
1692928,22552.95
1062631-2,23508.9
1062751,23508.9
1569007,23508.9
1589795,23508.9
1664380,23508.9
1692024,23508.9
1062706,8039.33
1062869,23508.9
1629477,9250.61
1629479,23508.9
1664839,22429.35
1689973,21473.78
1692021,23508.9
1091880,0.0
1603771,23508.9
1639315,21473.78
1675109,16765.9
1644866,21063.3
1660729,22717.9
1062783,23508.9
1109848-2,23508.9
1642330,20088.4
1663482,23508.9
1681445,23508.9
1681475,23508.9
1681489,0.0
1693391,17679.03
1694087,16221.99
1062612,7791.46
1597688,0.0
1615581,23508.9
1679871,3886.58
1689677,22429.35
1062637-2,23508.9
1062676,23508.9
1621415,5610.36
1629481,0.0
1677255,22602.48
1062548-2,8039.33
1062585-2,3714.7
1062613-2,9250.61
1062615-2,7077.24
1062627,44171.33
1062671,9527.93
1062698-3,8039.33
1062738-2,6161.85
1062755-3,14385.53
1062761,23508.9
1062772-2,11686.8
1062822-3,15030.69
1062873-3,23508.9
1062960-2,23508.9
1063006-4,0.0
1069547-3,17042.0
1069618-3,19172.32
1077943-2,23508.9
1092269-2,0.0
1092832-2,0.0
1093046-2,57025.71
1093140-2,19568.2
1095731-2,23508.9
1096427-2,21389.86
1096707-2,23508.9
1103103-2,17042.0
1104943-2,0.0
1108135-2,9018.12
1111363-2,21565.61
1545523-2,25704.27
1550220-2,23508.9
1555384,23508.9
1556360-3,23508.9
1559195-2,15126.82
1563757-2,23508.9
1567294-3,23508.9
1569603,23508.9
1572387-2,9250.61
1577458-2,8191.86
1577465-2,5485.18
1577884-2,16406.38
1584255-2,19172.32
1593659,22552.95
1601732-2,23508.9
1601736-2,17042.0
1601740,23508.9
1602238-2,0.0
1602611-2,0.0
1607361-2,22552.95
1608424-2,21565.61
1609998-2,24347.25
1610066-2,0.0
1612928,19172.32
1615874-2,0.0
1615875-3,22429.35
1616178-2,3434.65
1627720-2,23508.9
1628526-2,23508.9
1629449-2,23508.9
1632374-2,22324.87
1636431-2,9577.12
1646668-2,22429.35
1648288-2,8191.86
1648405,21901.74
1649887-2,25704.27
1650309-2,23508.9
1652621-2,10767.8
1660734,15735.74
1666189,5911.05
1679329,25704.27
1681278,16406.38
1681279,23508.9
1681280,22552.95
1681281,8894.81
1681282,57025.71
1681283,8191.86
1681284,23508.9
1681285,0.0
1681288,32968.64
1681290,3940.7
1681291,23508.9
1681292,20415.03
1681296,19172.32
1681297,9810.46
1681298,23508.9
1681299,19172.32
1681300,23508.9
1681301,16406.38
1681302,7515.19
1681305,23508.9
1681306,23081.1
1681307,22162.73
1681308,23508.9
1681310,19668.28
1681314,20535.6
1681316,24928.83
1681317,16406.38
1681319,7881.4
1681321,0.0
1681322,23508.9
1681323,0.0
1681324,25704.27
1681325,0.0
1681326,11407.92
1681327,23508.9
1681330,18113.57
1681332,6161.85
1681333,23508.9
1681334,23508.9
1681337,22429.35
1681340,17042.0
1681341,23508.9
1681342,8039.33
1681344,22429.35
1681345,23508.9
1681346,8191.86
1681347,0.0
1681351,17175.8
1681353,17597.85
1681357,14597.81
1681358,18113.57
1681359,7773.16
1681360,7773.16
1681363,23508.9
1681365,8431.19
1681366,9649.06
1681368,25704.27
1681369,22552.95
1681370,0.0
1681371,3383.35
1681372,20920.3
1681373,23508.9
1681374,19172.32
1681375,20569.0
1681376,10697.43
1681378,23508.9
1681379,26899.09
1681380,21473.78
1681381,23508.9
1681382,20695.22
1681383,23508.9
1681384,0.0
1681386,23508.9
1681388,6052.79
1681390,23749.58
1681392,16406.38
1681393,26920.47
1681394,57025.71
1681395,20065.75
1681396,23508.9
1681397,22429.35
1681398,15936.82
1681399,8790.71
1681400,16406.38
1681403,17862.78
1681404,10028.73
1681405,21473.78
1681407,42362.67
1681410,0.0
1681411,23508.9
1681412,23508.9
1681415,3434.65
1681416,19987.74
1681417,23508.9
1681418,23508.9
1681419,23508.9
1681421,23508.9
1681423,1537.3
1681424,8039.33
1681426,0.0
1681428,23508.9
1681429,23508.9
1681431,23508.9
1681432,22429.35
1681433,23508.9
1681434,0.0
1681436,21793.73
1681439,0.0
1681440,20065.75
1681442,0.0
1681443,8191.86
1681446,3714.7
1681447,22429.35
1681448,21793.73
1681450,23508.9
1681451,23508.9
1681452,21793.73
1681453,25840.34
1681454,3427.04
1681455,23508.9
1681456,57025.71
1681457,8481.96
1681458,6161.85
1681459,23508.9
1681461,17042.0
1681463,23508.9
1681464,3771.16
1681468,7881.4
1681469,23508.9
1681470,8191.86
1681471,15947.58
1681472,0.0
1681473,23508.9
1681476,23508.9
1681477,7881.4
1681478,0.0
1681481,12279.31
1681482,18714.65
1681483,21925.0
1681484,15627.5
1681485,23508.9
1681487,23508.9
1681488,8191.86
1681491,1646.31
1681492,19568.2
1681493,23508.9
1681495,676.67
1681497,23508.9
1681498,19172.32
1681505,26825.75
1681506,23508.9
1681508,8614.99
1681509,23508.9
1681510,20523.02
1681514,12870.36
1681516,20415.03
1681519,23508.9
1681520,25704.27
1681521,23508.9
1681522,23508.9
1681524,0.0
1681586,22429.35
1682443,0.0
1682444,0.0
1682445,20054.1
1682447,19172.32
1682448,16406.38
1682451,23508.9
1682457,23508.9
1682458,23508.9
1682459,3886.58
1682460,16406.38
1682466,23508.9
1682473,0.0
1683324,18113.57
1683325,8193.0
1683326,21336.51
1684256,19622.32
1684257,23508.9
1684258,46246.9
1684259,17042.0
1684262,23508.9
1684263,23508.9
1684264,8018.23
1684265,21156.98
1684422,9250.61
1685292,23508.9
1685293,7321.44
1685294,16406.38
1685296,19172.32
1685297,22552.95
1685298,15072.79
1685299,23508.9
1685300,2026.47
1685762,1612.37
1685763,8191.86
1685764,22429.35
1685765,21704.44
1685766,24347.25
1686023,23508.9
1686024,0.0
1686025,25704.27
1686026,23508.9
1686027,23508.9
1686028,23508.9
1687257,23508.9
1687258,21216.98
1687259,23508.9
1687260,21538.55
1687261,22819.95
1687262,22552.95
1687263,23508.9
1687269,19595.26
1687660,23508.9
1687662,23508.9
1687663,12340.45
1688361,9250.61
1688362,23508.9
1688363,9250.61
1688364,23508.9
1688366,17651.97
1688367,23508.9
1688368,0.0
1688369,20065.75
1688370,25704.27
1688371,0.0
1688372,25704.27
1688373,24748.32
1688374,22552.95
1688375,18113.57
1689188,8790.71
1689190,23508.9
1689191,16406.38
1689192,10028.73
1689193,0.0
1689196,23508.9
1689197,21473.78
1689198,23508.9
1689199,23508.9
1690627,22429.35
1690628,23508.9
1691225,23508.9
1691226,13675.38
1691227,23508.9
1691228,22429.35
1691229,23508.9
1691230,6381.19
1691231,10691.32
1691233,23508.9
1691234,18113.57
1691235,0.0
1691236,23508.9
1691237,0.0
1691890,23508.9
1691944,14953.72
1691947,23508.9
1693092,19172.32
1693093,23508.9
1693094,0.0
1693095,0.0
1693096,17042.0
1693097,7881.4
1693098,23508.9
1693099,19172.32
1693389,9250.61
1693923,18331.56
1693924,23508.9
1694424,26263.47
1694425,7377.15
1694426,16406.38
1694427,19172.32
1694428,26899.09
1695300,22429.35
1695301,0.0
1695302,22429.35
1695303,0.0
1695304,23508.9
1695305,22429.35
1695306,17961.04
1695307,16406.38
1695308,0.0
1695309,23508.9
1695310,57025.71
1695311,22429.35
1695312,8790.71
1695313,23508.9
1695314,1970.35
1695315,19172.32
1695316,0.0
1695989,22429.35
1695991,23508.9
1696211,23508.9
1696212,23508.9
1696213,17679.03
1696214,57025.71
1696611,8191.86
1696612,25704.27
1696613,23508.9
1696614,10028.73
1696615,23508.9
1696616,16406.38
1696617,18659.02
1696618,2164.21
1696619,22429.35
1696620,15123.81
1696621,22660.19
1696622,23508.9
1696623,21565.61
1696624,0.0
1696625,23508.9
1696626,23508.9
1696627,26899.09
1696628,19622.32
1696629,0.0
1696630,5656.74
1696631,23508.9
1696701,8191.86
1696705,10691.32
1094881-2,8191.86
1683223,21473.78
1098217-2,16406.38
1534659,24347.25
1551110,19568.2
1572299,23508.9
1612937,8191.86
1617000,22552.95
1632378,0.0
1688354,19172.32
1696005,8191.86
1062975,8191.86
1100652,8191.86
1101329,23508.9
1573163,12760.85
1603753,21473.78
1689675,19172.32
1062535,0.0
1062536,19379.68
1062537,0.0
1062544,23508.9
1062545,15936.82
1062555,0.0
1062557,8702.85
1062560,22429.35
1062562-2,23508.9
1062564,15627.5
1062565,23508.9
1062569,14887.03
1062571,0.0
1062574,23508.9
1062577,19172.32
1062579,1857.35
1062586,0.0
1062588,1587.21
1062593,22429.35
1062594,19172.32
1062601,23508.9
1062605,19568.2
1062624,23508.9
1062653,16406.38
1062657,10451.86
1062661,4757.21
1062667,23508.9
1062685-2,3862.4
1062691,0.0
1062723,23508.9
1062757,26899.09
1062759-2,22552.95
1062768,0.0
1062835,23508.9
1062861,7827.28
1062895,42722.46
1062996-2,21473.78
1063000,18113.57
1063014-3,0.0
1063022,23508.9
1069530,2313.61
1069534,9250.61
1076076-3,23508.9
1077062,22429.35
1077063-2,23508.9
1077893-2,19622.32
1088973,0.0
1089876,8478.13
1092027,23508.9
1094004,8191.86
1094760,25704.27
1094804,57025.71
1097428,18113.57
1097747,22429.35
1100565,0.0
1104238,21473.78
1109346,23508.9
1109851,23508.9
1110667,23508.9
1111370,23508.9
1516894,23508.9
1532279,22429.35
1534413,15819.61
1536099,19172.32
1539267,16406.38
1539952,0.0
1543705,23508.9
1543858,18658.19
1543859,21793.73
1561513,17679.03
1561802,23508.9
1565015,23508.9
1565433,15936.82
1569008,0.0
1575091,22429.35
1576766,23508.9
1577469,9250.61
1578370,22242.28
1581259,23508.9
1581727,7773.16
1583278,20137.97
1588846,21473.78
1589346,21793.73
1590942,21324.17
1595197,23508.9
1595316,23508.9
1597952,15536.92
1600297,23508.9
1600523,23508.9
1603030,19622.32
1603205,23508.9
1603890,21063.3
1604539-2,23508.9
1605131,17624.91
1606242,22660.19
1606351,22552.95
1611239,23508.9
1611566,22552.95
1611590,19172.32
1611605,22153.25
1612049,25704.27
1612940-2,16406.38
1613420,21473.78
1615540,23508.9
1616422,23508.9
1617184,23508.9
1617431,23508.9
1621428,23508.9
1622795,11585.06
1625643,8039.33
1625660,3556.08
1627501,16406.38
1630194,1612.37
1630904,23508.9
1632052,9183.74
1633809,23508.9
1635122,0.0
1635342,1785.92
1638793,23508.9
1639317,23508.9
1639900,247.87
1640198,15936.82
1640592,16406.38
1642282,21565.61
1642754,16406.38
1642757,23508.9
1643705,0.0
1644964,22960.49
1649981,23508.9
1656694,8039.33
1656727,0.0
1657883,0.0
1663519,23508.9
1664130,22429.35
1664227,20415.03
1666126,19172.32
1670686,23508.9
1671012,23508.9
1671553,21156.98
1672489,23508.9
1672968,23508.9
1673285,22429.35
1673349,23508.9
1673452,23508.9
1673529,22552.95
1673620,16406.38
1674132,21473.78
1674257,22552.95
1674258,23508.9
1674260,8191.86
1674589,19568.2
1674688,18763.15
1674928,1355.31
1674936,22429.35
1674937-3,23508.9
1675330,11750.07
1676567,23508.9
1676579,23508.9
1676580,23508.9
1676975,8689.9
1677170,22429.35
1677171,23508.9
1677341,11635.66
1677453,19215.2
1677552,24670.36
1678249,20658.05
1679223,0.0
1679479,8191.86
1679534,9523.26
1679700,22655.35
1679754,31776.24
1679811,23508.9
1679949,8191.86
1680083,9250.61
1680602,8191.86
1680744,23508.9
1681311,17582.34
1681343,23508.9
1681581,1459.15
1681842,22552.95
1681846,20658.05
1682841,23508.9
1682842,19172.32
1682846,0.0
1682847,8790.71
1682938,8191.86
1683225,17030.05
1683693,23508.9
1683848,16406.38
1683849,0.0
1683850,23508.9
1683854,16772.61
1684232,22429.35
1684419,0.0
1684747,19417.25
1684748,3174.42
1684832,18113.57
1684836,28606.5
1685521,22552.95
1685584,26263.47
1685820,17042.0
1686125,8191.86
1686291,8039.33
1686685,8039.33
1687266,22552.95
1687267,25704.27
1687268,23508.9
1687337,46246.9
1687421,23508.9
1688160,4264.63
1688342,20329.39
1688419,0.0
1689156,23508.9
1689310,23508.9
1689374,7493.76
1689547,23508.9
1689708,0.0
1689779,9716.45
1689959,8191.86
1690022,22429.35
1690178,16406.38
1690811,23508.9
1691102,22429.35
1691570,9427.9
1691571,25704.27
1691616,17605.13
1691636,22429.35
1691887,23508.9
1691973,23508.9
1691975,8191.86
1692157,1970.35
1692742,21473.78
1692750,23508.9
1692983,9371.44
1693060,23508.9
1693204,14251.78
1693279,20093.94
1693286,18113.57
1693794,22049.75
1693870,21389.86
1694222,1353.34
1695374,3938.25
1695493,21565.61
1695533,0.0
1695554,23508.9
1662050,8191.86
1565319,1857.35
1677253,19211.64
1679328,0.0
1681335,23508.9
1691232,46246.9
1692914,8191.86
1675111,17042.0
1681014,16406.38
1558039,23508.9
1636432-2,22552.95
1652834-2,24347.25
1675108,8191.86
1062980,23508.9
1561262,1353.34
1593837-2,23508.9
1600052,16406.38
1605045,0.0
1682051,23508.9
1069554-2,0.0
1094212,19172.32
1646955,22429.35
1665862,19181.45
1674485,23508.9
1534642,9272.76
1603759,21389.86
1625648,1427.06
1630129,16406.38
1534651,14493.82
1536714-2,9250.61
1566102,23508.9
1569606,21538.55
1582789-2,19172.32
1582790,23508.9
1617416,13691.82
1621297,23508.9
1649163-2,23508.9
1652617,17042.0
1660735,9810.46
1660854,14613.82
1689194,16406.38
1691500,5406.16
1693383,5829.87
1696017,0.0
1021908,19486.43
1062984,22429.35
1567296,8269.6
1585196,20543.77
1597126,16994.36
1629460,0.0
1543841,23508.9
1630344,19568.2
1692377,11750.07
1062641,0.0
1062656,14335.21
1062669,26899.09
1062741,11686.8
1062776-2,1943.29
1062807,23508.9
1062930,21565.61
1109479,23508.9
1607000,16406.38
1639304,23508.9
1688982,23508.9
1062876-2,0.0
1093893-2,9250.61
1580506-2,14251.78
1639318,1309.15
1681422,23508.9
1062608,14335.21
1062664,18113.57
1062681,23508.9
1062745,22642.44
1062750,23508.9
1062814,17042.0
1077938-2,8039.33
1087387,0.0
1096933,8191.86
1541349,0.0
1564155,9797.63
1587744,23508.9
1662847,36477.0
1681474,0.0
1111618-2,30709.98
1681350,23508.9
1062828,23508.9
1629448,8656.84
1062616,23508.9
1589792,57025.71
1652624,16406.38
1654304,0.0
1062704,21793.73
1601062,9250.61
1671766,0.0
1595395,0.0
1611056,15735.74
1660731,9250.61
1665860,21473.78
1681352,22552.95
1062672,0.0
1062731,15627.5
1062758,23508.9
1062884,19847.55
1103784,22429.35
1104939,23508.9
1094675,23508.9
1094676,23508.9
1096682,23508.9
1617395,15627.5
1062648,23508.9
1062841,23508.9
1088948,23508.9
1579039,8191.86
1652619,0.0
1665863,8191.86
1688353,25704.27
1585673,23508.9
1597125,46246.9
1624458,23508.9
1649134,25403.66
1681409,0.0
1682066,25704.27
1612934,18113.57
1621278,21538.55
1568360,0.0
1582782,16406.38
1664334,1805.5
1607254,22429.35
1687264,17679.03
1062868-2,23508.9
1577473,22025.48
1578871,23508.9
1062617,16406.38
1062629,8191.86
1627725,8191.86
1662825,22429.35
1681406-2,23508.9
1562969,18099.9
1575170,19172.32
1589627,0.0
1624832,24748.32
1644793-2,0.0
1062767,3771.16
1610062,22055.35
1616216,19172.32
1639302,19595.26
1062717-4,8033.25
1548458,23508.9
1561740-2,0.0
1650709,21793.73
1681402,8191.86
1062752-3,0.0
1655814,5829.87
1655817-2,19157.85
1666190,8191.86
1679365,57025.71
1682446,21565.61
1686846,7986.37
1062762,22429.35
1635339,23508.9
1644778,23508.9
1664384,16406.38
1665198,23508.9
1682474,42362.67
1686052,23508.9
1090804-2,23508.9
1063027,14915.35
1063029,0.0
1062781,6838.52
1618063,0.0
1681328,42414.65
1692023,23508.9
1062607,22429.35
1062654,16406.38
1624462,15936.82
1566022,15614.95
1566029,21793.73
1656959,19172.32
1062909,9250.61
1093682,23508.9
1096705,19622.32
1062610,23508.9
1062623,57025.71
1062646,23508.9
1062647,0.0
1062694,0.0
1062779,23508.9
1062649,11090.12
1077076,23508.9
1631645,21473.78
1090308-2,23508.9
1100567,23508.9
1609399,22552.95
1610409,23508.9
1631644,23508.9
1683228,24671.12
1605236-3,13202.95
1639309,0.0
1639312,12760.85
1642331,23508.9
1069563-2,22429.35
1094003-2,22552.95
1568374,16406.38
1584996,22965.6
1632186,57025.71
1062635,0.0
1062847,3771.16
1566106-2,8039.33
1610046,5502.76
1631641,3886.58
1673911,0.0
1686537,0.0
1062816,23508.9
1063037,1587.21
1063038,29057.41
1069647-2,21473.78
1541346,22655.35
1587748,12722.84
1611949,23508.9
1612037,23508.9
1614180,8191.86
1614548,10258.14
1635112,23508.9
1062628,13657.15
1062771,21324.17
1571309,0.0
1604883,0.0
1062620,19172.32
1062687,6837.69
1077069,23508.9
1651957-2,23508.9
1662401,23508.9
1672846,23232.8
1078430,6049.24
1625653,21473.78
1658679,17042.0
1659842,23508.9
1679835,22552.95
1681015,22429.35
1681313-2,23508.9
1684318,5323.02
1660228,18419.44
1660234,0.0
1062703,23508.9
1563893,16406.38
1602610,25383.4
1629456,22552.95
1683327,16979.76
1692025,19172.32
1105921,17042.0
1601055,0.0
1681312-2,6131.07
1534656,21538.55
1607501-2,22429.35
1655191,22552.95
1677254,0.0
1681515,23508.9
1692022,19172.32
1062819,23508.9
1587745,23508.9
1601059,23508.9
1675029,23508.9
1695206,23508.9
1069550,23508.9
1069661,9250.61
1109422-2,19561.04
1589789,0.0
1637236,23508.9
1062967,23508.9
1100651,9250.61
1659496,23508.9
1664848,23508.9
1679874,21538.55
1681286,23508.9
1608423,16406.38
1692373,57025.71
1062652,21538.55
1062981,18293.48
1636154,19172.32
1673907,23508.9
1062818,19172.32
1532280,0.0
1651470,22552.95
1615860,22429.35
1631636,23508.9
1690629,0.0
1691946,19172.32
1692370,19172.32
1062963,0.0
1567295-2,22429.35
1574334,23508.9
1576992,5421.24
1580176,9427.9
1582786,21389.86
1062775-2,0.0
1107429-2,9250.61
1580504,10691.32
1664609,23508.9
1664713,23508.9
1681367,0.0
1682464,45611.28
1696013,9250.61
1063025,18837.65
1063030,23508.9
1063033,23508.9
1063043,7773.16
1063048,23508.9
1063050-2,0.0
1087388,23508.9
1093135,16406.38
1098972,18113.57
1534100,0.0
1616181,23508.9
1621512,17042.0
1633145,21473.78
1063054,23508.9
1063056,0.0
1063058,23508.9
1533214,16765.9
1542257,8191.86
1542259,23508.9
1558913,21473.78
1580103,22429.35
1580174,16406.38
1580175,22552.95
1581017-2,5390.61
1603902,23508.9
1616184,15681.62
1625663,23508.9
1626573,22993.5
1645442,22429.35
1078431,23508.9
1611799,5803.78
1611941,23508.9
1611942,1970.35
1614190,16406.38
1621508,23508.9
1648411,19568.2
1652715,23508.9
1098213,23508.9
1564751,23508.9
1569012,6737.69
1596645,23508.9
1597041,23508.9
1605032,0.0
1625662,23508.9
1611719,21565.61
1063036,21538.55
1063039,8790.71
1063052-3,22429.35
1063053,9629.83
1093274,10279.82
1539107,23508.9
1593660,23508.9
1063045,20065.75
1077953-2,8191.86
1092473,13388.02
1097312,23508.9
1539861,23508.9
1568838,22429.35
1572389,19172.32
1632383,5388.21
1649385,23508.9
1095860,19449.38
1104239,22429.35
1569563,11369.4
1620954,21375.85
1620956,0.0
1626574,15584.84
1653656,23508.9
1063055,17559.95
1062773,22429.35
1569019-2,10691.32
1624838,3802.64
1681441,21473.78
1062739,25704.27
1062740,17172.15
1094983-2,23508.9
1639372-2,15627.5
1062897,22153.25
1555397-3,1970.35
1602615,0.0
1603682,5337.37
1679379,0.0
1688764,20954.29
1062732,15936.82
1555623,23508.9
1646957,23508.9
1671743,23508.9
1682053,23508.9
1021917-2,23508.9
1547887,24748.32
1601471-2,23508.9
1625647,57025.71
1684332,23508.9
1696007,23508.9
1098322-4,23508.9
1107003,23508.9
1574783,21565.61
1632727,82.42
1691499,0.0
1695205,16406.38
1099190-2,23508.9
1103105,23508.9
1546221,23508.9
1568870,15936.82
1577466-3,9876.2
1659664,23081.1
1688988,1943.29
1097322,23508.9
1572320,123.63
1591038,23508.9
1678173,21724.92
1681362,8191.86
1063015,0.0
1063016,16406.38
1063017,23508.9
1063018,23508.9
1063019,23508.9
1549538,23508.9
1504451,0.0
1504465,23508.9
1535458,14999.95
1563788,19568.2
1572814,16406.38
1595812,5069.94
1596118,23508.9
1604881,22153.25
1611603,23508.9
1615497,16406.38
1617637,19172.32
1619143,0.0
1621157,57025.71
1625650,23508.9
1643719,16406.38
1645430,0.0
1648045,23508.9
1648158,23508.9
1653427,10985.14
1653916,22429.35
1658897,23508.9
1659604,19417.25
1659625,23508.9
1667372,23508.9
1672895,22429.35
1673822,23723.43
1673824,20792.4
1673826,23508.9
1674098,23508.9
1677686,23508.9
1678607,23508.9
1509092,0.0
1509126,23508.9
1509131-2,0.0
1509144,21793.73
1609905,22552.95
1640270,17042.0
1665442,19172.32
1580549-2,0.0
1609928,38009.22
1645452,15635.77
1509182,46246.9
1558425,17679.03
1669061,19172.32
1693230,20415.03
1509113,15049.1
1509116,23508.9
1509119-2,57025.71
1509124,5708.2
1509172,15947.58
1509183,23508.9
1509189,0.0
1558436,10028.73
1574722,23508.9
1579293,23508.9
1600991,4121.58
1601250,16406.38
1607802,23508.9
1629576,16334.83
1645387,23508.9
1654517,45611.28
1655196,5337.37
1660687,17042.0
1660689,22960.49
1664674,19172.32
1664783,19172.32
1664807,23508.9
1664860,23508.9
1685606,23508.9
1685618,16406.38
1693673,2030.01
1694629,22429.35
1509063,18763.15
1628004,17917.7
1509051,22960.49
1509095,23288.02
1509167,22943.9
1509174,16406.38
1579236,19172.32
1607267,20572.0
1608564,0.0
1625191-2,23508.9
1628019,25704.27
1629242,23508.9
1640379,23508.9
1640813-2,0.0
1660688-2,23508.9
1660692-2,21389.86
1664682,23508.9
1664776,25704.27
1665294,25704.27
1665339,22552.95
1666286,8191.86
1667373,23508.9
1679780,0.0
1686095,0.0
1686096,23508.9
1509054,23508.9
1509078,18619.62
1509081,19172.32
1509096,21389.86
1509136,23508.9
1509150,17597.85
1509169,16406.38
1509171,23508.9
1628995,23508.9
1629032,15122.03
1640282,19778.0
1509050,23508.9
1659514-2,23508.9
1664598,16406.38
1612352,8039.33
1614171,23723.43
1628026,22552.95
1645453,8191.86
1659512-2,17679.03
1609921,23508.9
1627784,7791.46
1628025,7773.16
1629248,23508.9
1640808,16406.38
1653697,8790.71
1509075,23508.9
1616453,22429.35
1640877,23508.9
1641080,23508.9
1641082,23508.9
1656531-2,16406.38
1625402,23273.5
1679919,23508.9
1504577-2,8191.86
1509053,4561.17
1509057,8039.33
1509060,16772.61
1509076,24481.88
1509085,19172.32
1509086,21130.26
1509087,23508.9
1509090,21793.73
1509105,22429.35
1509148,20415.03
1509155,37933.9
1509156,6161.85
1509160,14887.03
1509173,0.0
1509178,23508.9
1509180,15030.69
1619017,12722.84
1620736,23508.9
1663759,0.0
1669361,18113.57
1671898,6076.2
1679917,3292.62
1680989,22429.35
1509110,13114.37
1509074,20249.1
1509166,15936.82
1558456,17042.0
1574723,23508.9
1579230,0.0
1607812,7167.88
1610359,23508.9
1628286,23508.9
1629107-2,57025.71
1678625,19172.32
1696573,19172.32
1509064,6348.84
1580540,23508.9
1609906,17961.04
1656532,57025.71
1686973,19172.32
1509162,21324.17
1686968,22055.35
1570327,23508.9
1609902,16406.38
1612059,15236.27
1509061,23508.9
1546426,16406.38
1509077,57025.71
1509111,19668.28
1570252,19172.32
1640798,23508.9
1509170,0.0
1679921,6648.77
1614346,16994.36
1659503-2,23508.9
1667261,0.0
1667263,9523.26
1696482,22429.35
1663376,22429.35
1665869,23508.9
1665940,17597.85
1666001,16406.38
1666200,12683.97
1667487,23508.9
1667627,9797.63
1667815,21793.73
1669817,23081.1
1670246,25850.43
1670616,10028.73
1671102,8191.86
1671300,9018.12
1671894,23508.9
1672698,9876.2
1673551,3556.08
1673815,6348.84
1678025,23081.1
1678026,16406.38
1678027,19172.32
1678027,7069.17
1678027,23508.9
1678027,6161.85
1678616,0.0
1678704,17042.0
1678705,23508.9
1678706,23508.9
1678707,23508.9
1678707,19172.32
1678707,23508.9
1678707,8191.86
1679703,3546.61
1680401,23508.9
1680607,23508.9
1680759,19595.26
1680760,22552.95
1680760,15693.86
1680760,23508.9
1680760,8191.86
1680761,19172.32
1680762,17042.0
1680818,23508.9
1680880,22552.95
1681980,25704.27
1681981,8550.34
1681982,23508.9
1682469,0.0
1682554,23508.9
1682555,23508.9
1682958,0.0
1682959,20262.5
1683034,9250.61
1683101,23508.9
1683231,20792.4
1683527,18113.57
1683942,22960.49
1683943,9243.09
1683944,23508.9
1683945,23508.9
1684007,25704.27
1684008,19940.94
1684009,23508.9
1684010,16057.28
1684114,8191.86
1684115,23508.9
1684173,38009.22
1684246,19172.32
1684330,0.0
1685458,16868.25
1685656,21344.73
1685657,4070.28
1686062,21538.55
1686138,22429.35
1687032,11183.55
1687033,23508.9
1687301,23508.9
1687353,57025.71
1687354,19705.8
1687355,23508.9
1687356,23508.9
1687430,23508.9
1687888,825.3
1687942,10028.73
1688259,20065.75
1688907,21793.73
1688908,17042.0
1688909,22429.35
1688910,21473.78
1689471,8191.86
1689472,16406.38
1689473,23508.9
1689474,19172.32
1689475,23508.9
1689476,8191.86
1689477,23508.9
1689478,17597.85
1689555,1312.75
1689556,16406.38
1689557,21565.61
1689558,15936.82
1689559,4121.58
1689560,23508.9
1689561,23508.9
1689562,17083.3
1689563,22429.35
1689564,0.0
1689565,23508.9
1689566,23508.9
1689649,7222.0
1689970,22429.35
1689971,23508.9
1689971,14915.35
1689971,25704.27
1689971,16406.38
1690738,17597.85
1690738,23508.9
1690738,23508.9
1690738,8039.33
1690768,8191.86
1690768,23508.9
1690768,23508.9
1690768,17042.0
1690769,15983.25
1690769,21509.1
1690769,23508.9
1690769,0.0
1690770,18113.57
1690770,1363.6
1690770,2747.72
1690770,23508.9
1690782,8191.86
1690782,0.0
1690782,57025.71
1690782,23508.9
1690784,23508.9
1690784,10511.62
1690784,15936.82
1690784,17042.0
1691309,15735.74
1691309,1894.9
1691309,23508.9
1691309,13792.45
1691426,25704.27
1691426,25704.27
1691426,23508.9
1691426,19217.61
1692307,23508.9
1076623,23508.9
1552047,23508.9
1574697,19172.32
1076315,23508.9
1666369,20137.97
1076125,23508.9
1076179,23508.9
1076591,3310.9
1080171-2,0.0
1096035,25704.27
1561617,22429.35
1571216,20415.03
1576482,0.0
1583274,0.0
1585209,21538.55
1585321,22552.95
1591483,23056.9
1610264,23508.9
1620179,23508.9
1623304,8191.86
1639314,46246.9
1643928,22429.35
1694261,23508.9
1076183,1857.35
1076411-2,23278.06
1076465,0.0
1076533,14474.48
1076633-2,0.0
1076664,0.0
1095780,23508.9
1096786,17042.0
1105035,25704.27
1105450,23508.9
1110376,21110.75
1534262,0.0
1547046,22429.35
1554345,7515.19
1584330,23508.9
1587099,9250.61
1607354,57025.71
1609506,8191.86
1609511,9250.61
1612781,15936.82
1613000,25704.27
1692748,8191.86
1693101,23508.9
1076124,23508.9
1076176,23508.9
1651749,23593.31
1693079,19172.32
1076110,23508.9
1076236,23508.9
1076273,23508.9
1076275-3,4518.56
1076495,5911.05
1611718,0.0
1634042,17961.04
1076175,23508.9
1076276,23508.9
1076442,19172.32
1076473,23508.9
1076550-2,9250.61
1076747,46246.9
1080141-3,7223.96
1091263-2,22873.28
1092823,23508.9
1093488-2,23508.9
1109484,23508.9
1109600,27372.66
1544819,23508.9
1579473,19172.32
1581901,32968.64
1605686,19172.32
1606031,19172.32
1609528,21565.61
1615491,23508.9
1634231,16251.17
1635638,23508.9
1635644,22717.9
1642676,23508.9
1643048,19172.32
1644868,22552.95
1647182,0.0
1653693,25704.27
1664385,0.0
1666744,19664.23
1675436,23508.9
1678835,41075.79
1679334,0.0
1680933,23508.9
1687172,23508.9
1689008,23508.9
1693026,19172.32
1693957,15936.82
1694241,22649.2
1080135-2,15936.82
1110585,9250.61
1076250-2,22960.49
1076456,20508.13
1076506-2,20508.13
1076693,23508.9
1092548,23508.9
1104358,21565.61
1109992,15654.56
1531512,29020.46
1546415,11176.25
1558515-2,23508.9
1587742-2,23508.9
1601853,23508.9
1603095,23508.9
1608865-2,1350.98
1625846,19172.32
1679288,23508.9
1684641,23508.9
1694378,23508.9
1696009,3074.6
1076444,23508.9
1087505-2,0.0
1638664,23508.9
1665538,17559.95
1671897,22552.95
1094819-2,0.0
1540886,21793.73
1574782,23508.9
1612349,23508.9
1640580,9250.61
1632393,22429.35
1102290,23508.9
1562826,23508.9
1021647,19172.32
1021662,15681.62
1021877-2,0.0
1032852,21473.78
1037583-3,23508.9
1060957,23508.9
1061171-2,46246.9
1061237-2,16994.36
1061521-2,23508.9
1061898-2,16406.38
1076117,21793.73
1076118,19172.32
1076134,22552.95
1076138,22429.35
1076157,57025.71
1076200,23508.9
1076209,23508.9
1076216-2,17042.0
1076234,22960.49
1076239,1355.31
1076247,23508.9
1076248,0.0
1076256,22429.35
1076260,23508.9
1076266,4127.07
1076281,23508.9
1076289,7542.32
1076294-3,57025.71
1076307,7375.5
1076320,19172.32
1076328,25704.27
1076357,22552.95
1076367,19172.32
1076373,0.0
1076376,17597.85
1076420,23508.9
1076439-2,23508.9
1076445,8191.86
1076460,15028.86
1076518,17838.56
1076528,22552.95
1076557,23508.9
1076594,22429.35
1076599,23508.9
1076604,18538.47
1076618,7504.93
1076676-2,22025.48
1076690,22429.35
1076742,20415.03
1076745,21473.78
1080107-2,23508.9
1080118-2,1943.29
1080235-3,0.0
1080237-2,0.0
1087193,21473.78
1087207,1587.21
1087494,8191.86
1088225,0.0
1088805,23508.9
1090378,16406.38
1091114-2,23508.9
1091941-2,10028.73
1092166,22851.46
1095239,23508.9
1095288,0.0
1095495,12962.58
1096524-4,16057.28
1097008,0.0
1097120-2,9770.57
1100608,19568.2
1100645,3611.98
1101683,23508.9
1102245,0.0
1104594,15957.52
1106136,21473.78
1107742,0.0
1108081,3771.16
1110430,0.0
1110590,23508.9
1512687,23508.9
1512789-2,15936.82
1540643,27372.66
1541642-2,18261.33
1541762,6838.52
1542544,18113.57
1542782,23508.9
1543838-2,0.0
1546279,22960.49
1546715,9103.61
1548445,0.0
1551683,23508.9
1551890,19172.32
1555012,22429.35
1555901-2,1778.04
1563121-2,15410.59
1563127,4958.79
1566259,24304.75
1566569,23508.9
1570793,0.0
1571146,23508.9
1571406,22429.35
1571574,11822.1
1573215,23508.9
1578080,22552.95
1579024,8689.9
1579934,22552.95
1580284,23508.9
1580742-2,37735.25
1584538,0.0
1592024,21538.55
1595600,22297.62
1596267,8718.26
1596423,19172.32
1596558,23508.9
1598616,9250.61
1599804,19172.32
1599830,0.0
1600133,4231.59
1600304,23508.9
1601653,1587.21
1601864,6838.52
1601869,23508.9
1606597,22552.95
1609415,17679.03
1609515,23508.9
1609591,10028.73
1609635,22429.35
1609779,0.0
1610405,17042.0
1613341-3,9250.61
1614337,9629.83
1614546,8061.85
1615024,23508.9
1616315,8718.26
1616559,17042.0
1616708,23508.9
1616869,18128.6
1616882,15983.25
1618156,8191.86
1618586,25023.69
1620178,22429.35
1623293,23508.9
1623436,12873.97
1623886,9770.57
1623891,19596.19
1624092,46246.9
1624180,23508.9
1624638,23508.9
1625401,6161.85
1626943,22552.95
1627187,22025.48
1627602-2,7881.4
1628058,7071.08
1628990,23508.9
1629285,20415.03
1631443-2,23508.9
1631462,19678.07
1631648,15936.82
1633478-2,11236.27
1634235,25704.27
1634360,9250.61
1638903,23508.9
1640874,19568.2
1640875,15936.82
1643093,15936.82
1643172,12870.36
1643260-2,23508.9
1643418,7504.93
1643558,0.0
1643566,9569.38
1643801,16406.38
1644395,17042.0
1645670,17559.95
1646473,19172.32
1646869,19997.58
1647783,23508.9
1648818,17961.04
1648984,23508.9
1649368,7504.93
1649649,17042.0
1651228,21473.78
1651473,15936.82
1651752,25704.27
1652829,19622.32
1653595,23508.9
1657611,0.0
1657920,23508.9
1659709,0.0
1659859-2,0.0
1660276-2,23508.9
1661469,17425.97
1661546,15681.62
1662238,0.0
1662485-2,0.0
1664311,19172.32
1665197,23508.9
1665708,23508.9
1665768,23508.9
1667145,9250.61
1667891,13792.45
1670368,22360.05
1670379,23508.9
1670429,23508.9
1670490,19172.32
1670589,23508.9
1671094,21538.55
1671095,23508.9
1671096,22429.35
1671496,15627.5
1671652,18113.57
1671734,10691.32
1672010,19568.2
1672241,6850.61
1673259,21324.17
1673284,22429.35
1673458,23508.9
1673894,8191.86
1674130,23508.9
1674253,8651.76
1675434,23508.9
1675535,0.0
1676434,19172.32
1676918,23508.9
1676976,8191.86
1677551,20572.0
1677763,19172.32
1678087,0.0
1678094,0.0
1678095,0.0
1678096,21565.61
1678778,23508.9
1678966,23508.9
1679035,16406.38
1679038,21565.61
1679045,23508.9
1679085,0.0
1679337,23508.9
1679612-2,23508.9
1679661,23508.9
1680087,22552.95
1680870,23508.9
1680958,8191.86
1680961,16844.7
1681012,23508.9
1681579,16406.38
1681588,0.0
1681847,15960.77
1682273,19172.32
1683330,20273.63
1683430,0.0
1683847,25704.27
1684925,1943.29
1685638,23508.9
1685640,0.0
1685642,16470.82
1685721,23508.9
1685896,26263.47
1685897,3902.06
1685983,23508.9
1686035,19718.74
1686036,22768.35
1686421,21473.78
1686477,23508.9
1686614,23508.9
1686829,15936.82
1686839,23508.9
1686893,20535.6
1686945,22429.35
1686946,23508.9
1686947,22429.35
1687170,19568.2
1687590,16406.38
1687669,7773.16
1687743,19172.32
1687868,23508.9
1688894,23508.9
1688984,23395.9
1688987,8039.33
1689159,23508.9
1689318,0.0
1689707,23508.9
1690464,16406.38
1690524,0.0
1690750,23508.9
1691100,22552.95
1691103,25704.27
1691189,9250.61
1691292,16406.38
1691578,15936.82
1692402,19172.32
1692812,9250.61
1692869,18639.97
1693299,21473.78
1693472,18763.15
1693666,0.0
1693728,23508.9
1694262,23508.9
1696208,23508.9
1696700,23508.9
954163,19172.32
1089965-2,17679.03
1095327-2,23508.9
1676879,23508.9
1678386,19754.57
1076370,8191.86
1087699,23508.9
1095841,16406.38
1610057,23508.9
1635632,22960.49
1635633,18375.15
1635636,5911.05
1635641,23232.8
1635647,3383.35
1635649,22763.98
1664486,22429.35
1680390,0.0
1076395,8039.33
1098738,18661.72
1106784,23508.9
1540397,17255.34
1546533,15947.58
1574856,22429.35
1598445,23508.9
1607012,6818.0
1611031,23508.9
1674933,17042.0
1677759,19172.32
1692745,23508.9
1694260,13711.27
1076443-2,23508.9
1092072-2,0.0
1098223-2,23508.9
1576254,8191.86
1678605-2,5829.87
1683837,8191.86
1686684,21793.73
1076193,22429.35
1613027,23508.9
1626668,19172.32
1691024,17042.0
1076648-2,23508.9
1568918,0.0
1671431,19668.28
1685281,22259.66
1554706,4757.21
1577549,22552.95
1583844,0.0
1610060-2,20415.03
1641071,3855.93
1655042,10906.42
1678171,23508.9
1076189,0.0
1076264,25704.27
1552468,23508.9
1604643,0.0
1691787,23508.9
1088423-2,0.0
1106551,8191.86
1635635,6944.66
1635637,0.0
1635646,18658.19
1688991,0.0
1692979,21473.78
1694800,17942.27
1544811-2,19718.74
1551119,22429.35
1571317,4726.13
1599832,4811.95
1685737,0.0
1076233,9876.2
1544816,0.0
1570024,0.0
1607698,19568.2
1656501,23508.9
1677064,17097.0
1688826,23508.9
1076407,0.0
1076537-2,23508.9
1094695,4788.56
1109705,12722.84
1543271,16406.38
1602356,23508.9
1635640,17862.78
1635643,23508.9
1652699,15627.5
1652700,23508.9
1656788,21811.2
1659609,0.0
1675550,21324.17
1676175,57025.71
1680807,6449.48
1688890,17393.31
1694236,0.0
1694279,17679.03
1062633,22429.35
1076313,23508.9
1092154-2,3676.54
1581905,16406.38
1601849,18113.57
1076237,22552.95
1076334,16406.38
1076389-2,0.0
1076510,21538.55
1076721,23508.9
1089296,22429.35
1089837-2,23508.9
1106789,22429.35
1589490,23508.9
1600214,57025.71
1601161,23508.9
1601466-2,23508.9
1601862,17042.0
1605681,23508.9
1607253,0.0
1609290,2821.06
1640205,16406.38
1688581,25704.27
1690409,0.0
1691906,5708.2
1694580,23508.9
1076496,14973.35
1110827,23508.9
1616566,21473.78
1683025,23395.9
1076400-2,23508.9
1077083-2,8191.86
1080189-2,4808.51
1091496,8191.86
1095492,23508.9
1540394-2,19172.32
1591318,19568.2
1614745,17042.0
1623624,23508.9
1648989,0.0
1652038,11998.57
1666318,23508.9
1683524,20415.03
1694277,18099.9
1614848,23508.9
1615575,21793.73
1644963,0.0
1076142,23508.9
1565709,0.0
1573676,19568.2
1575412,22071.09
1686347,23508.9
1691708,19172.32
1076113,21473.78
1076291-2,23508.9
1076396-3,8191.86
1076459,0.0
1076539,18113.57
1076697-2,23508.9
1087613,0.0
1093681,8191.86
1093827,8191.86
1578673,23508.9
1581016-3,11822.1
1582116,22768.35
1601984,22429.35
1605680,20065.75
1608426,8191.86
1614469,22552.95
1616094,9716.45
1618027,8614.99
1635614,21793.73
1639654,0.0
1648694,1469.31
1650176,18837.49
1665319,23508.9
1676884,23508.9
1678836,23508.9
1679576,9250.61
1679662,23508.9
1691115,23508.9
1076381,20701.37
1101962,0.0
1598267,8191.86
1608418,19622.32
1624562,16406.38
1631789,21793.73
1664014,19595.26
1686303,21565.61
1076120,23508.9
1076184,23508.9
1076187,57025.71
1108084,23508.9
1111658,0.0
1593544,0.0
1610972,25704.27
1617861,2821.06
1644789,17042.0
1650799,22429.35
1677660,21473.78
1681673,23508.9
1669057,23508.9
1674633,23508.9
1675219,25498.16
1683947,23336.22
1076316,22429.35
1603104,0.0
1102808,23508.9
1601149,19172.32
1671694,23508.9
1037572,23508.9
1061619-2,676.67
1070876,0.0
1071011,22552.95
1076149,20415.03
1076172-5,23508.9
1076201,14251.78
1076278,17042.0
1076325,23508.9
1076384,21473.78
1076436,22552.95
1076457-4,23508.9
1076489,21473.78
1076514,0.0
1076642,19172.32
1094166,0.0
1095918,21473.78
1104715,23508.9
1540718,0.0
1541099,34427.7
1599491,21473.78
1614737,23508.9
1625124,2751.38
1628046,23508.9
1631876,24493.64
1638796,23278.06
1639284,23508.9
1639287,23508.9
1652509,57025.71
1658360,3611.0
1661340,9250.61
1663925,0.0
1663972,23508.9
1664539,23508.9
1665199,22025.48
1669804,23508.9
1672770,22298.27
1679074,21793.73
1682209,23395.9
1683320,10668.24
1685644,19596.19
1687670,22429.35
1687873,23508.9
1687874,23508.9
1690266,19172.32
1690549,57025.71
1691291,16406.38
1691633,23508.9
1021771,15030.69
1060481,21473.78
1060828-2,6161.85
1060887,7773.16
1062308-3,22429.35
1062568-2,22429.35
1069528,14973.35
1076128,23508.9
1076136,10258.14
1076150,24748.32
1076161,23508.9
1076170,23508.9
1076174-2,15654.56
1076182,23508.9
1076203,19974.34
1076210,23508.9
1076225,23508.9
1076245,16406.38
1076253,14187.9
1076255,57025.71
1076259-2,23508.9
1076293,20171.6
1076295,19172.32
1076338,22429.35
1076364,23508.9
1076404,19172.32
1076413,23508.9
1076416-2,0.0
1076437,23508.9
1076471-2,23508.9
1076507,19622.32
1076559,22960.49
1076564,13655.0
1076565,11686.8
1076585,19172.32
1076611-2,17042.0
1077954-3,10028.73
1083471,23508.9
1087787,22552.95
1089827,1324.36
1090952,8191.86
1093605,20415.03
1095144,16406.38
1095760,22429.35
1096205,20065.75
1096388-2,23508.9
1097600,16406.38
1097876,2747.72
1098328,16406.38
1098400,8191.86
1098894,23508.9
1099756,23508.9
1100554,25704.27
1100919,0.0
1103967-2,15051.07
1104145,23508.9
1104532,21441.17
1106143,22429.35
1106329,23508.9
1107420,14146.74
1107740-2,21473.78
1108801,23508.9
1109536-2,17679.03
1110380,0.0
1110619,5911.05
1110930,17042.0
1530583,21538.55
1530712,4111.32
1535029,23508.9
1535030,23508.9
1541756,23508.9
1543594,16406.38
1545407,0.0
1546714-2,7515.19
1547958,22429.35
1548947,15936.82
1550099,21538.55
1550909,19172.32
1551832,1044.41
1553159,3941.38
1554016,21473.78
1555392,23508.9
1557252,22429.35
1557857,0.0
1560568,23508.9
1561515,23508.9
1562973,19172.32
1564436,57025.71
1568738,23508.9
1570504,57025.71
1570887,23508.9
1571054,16406.38
1573156,23508.9
1574253,11110.47
1580744,400.4
1582001,15635.77
1583379,18422.69
1584243,17042.0
1585775,23508.9
1593658,22602.48
1595303,23508.9
1595978,23508.9
1598897,12760.85
1599475,23508.9
1599547,17597.85
1599949,23508.9
1600424,8039.33
1602228,12748.0
1603469,23508.9
1603754,16406.38
1605671,23508.9
1606241,23508.9
1607250,23508.9
1608736-2,12823.48
1608752,15936.82
1609275,23508.9
1609582,22552.95
1609866,21793.73
1609991,17951.55
1611816,23508.9
1611931,19172.32
1612515,23508.9
1612516,22552.95
1612707,23508.9
1612864,23508.9
1613109,23508.9
1613766,676.67
1613940,20065.75
1614665,16406.38
1614744,26899.09
1615356,8191.86
1615654,23508.9
1617007,0.0
1620177,0.0
1620953,25449.84
1621507,1943.29
1622002,17679.03
1622200,19172.32
1623546,19172.32
1623908,23508.9
1623931,19418.48
1625267,19172.32
1625335,0.0
1625580,25704.27
1627015,20415.03
1628987,0.0
1629282,23508.9
1629565,23508.9
1630252,0.0
1630900,23508.9
1631551,20429.45
1631875,16406.38
1633720,8191.86
1633800,8191.86
1634142,43519.84
1635702,23508.9
1635929,7583.22
1636132,21473.78
1638343,9323.53
1638642,0.0
1639657,20065.75
1640455,24470.82
1640958,23508.9
1642225,0.0
1644092,0.0
1645341,13655.0
1645546,4070.28
1647185,0.0
1647683,15051.07
1651160,18113.57
1651231,29444.84
1651747,14980.6
1653272,23508.9
1662058,16406.38
1662846,11183.55
1663581,7152.95
1663635,0.0
1672564,22819.95
1673348,23508.9
1674810,23508.9
1675961,22552.95
1678302,9250.61
1678450,22552.95
1678923,23508.9
1679281,9743.51
1679439,16406.38
1679623,19418.48
1680508,25704.27
1681965,9343.21
1682839,23508.9
1682843,25704.27
1685444,23508.9
1685634,15936.82
1685711,8191.86
1686120,23508.9
1686141,16406.38
1686216,22552.95
1686288,23508.9
1686422,20415.03
1686478,21473.78
1686695,8039.33
1686701,8191.86
1686753,7266.36
1686820,23508.9
1686822,0.0
1686891,8191.86
1687872,23508.9
1689772,18113.57
1691961,17961.04
1692911,23508.9
1693059,22648.44
1694778,20415.03
333482,23508.9
379301,0.0
386980,23508.9
456605,10028.73
